{"cameraMode":{"drawMode":0,"name":"Shaded","section":"Shading Mode"},"sceneLighting":false,"audioPlay":false,"sceneViewState":{"m_AlwaysRefresh":false,"showFog":true,"showSkybox":false,"showFlares":true,"showImageEffects":true,"showParticleSystems":true,"showVisualEffectGraphs":true,"m_FxEnabled":false},"in2DMode":false,"pivot":{"x":-7.188117504119873,"y":-0.19252228736877442,"z":0.7128252983093262},"rotation":{"x":0.1847950518131256,"y":0.03832592815160751,"z":-0.0071763270534574989,"w":0.9820247292518616},"size":4.946667671203613,"orthographic":false}