{"cameraMode":{"drawMode":0,"name":"Shaded","section":"Shading Mode"},"sceneLighting":false,"audioPlay":false,"sceneViewState":{"m_AlwaysRefresh":false,"showFog":true,"showSkybox":false,"showFlares":true,"showImageEffects":true,"showParticleSystems":true,"showVisualEffectGraphs":true,"m_FxEnabled":false},"in2DMode":false,"pivot":{"x":554.2160034179688,"y":357.61383056640627,"z":-0.4456024169921875},"rotation":{"x":-0.06894534826278687,"y":-0.0014964014990255237,"z":-0.0001034180968417786,"w":0.99761962890625},"size":102.00782775878906,"orthographic":true}